[
    {
        "routeName": "Michael Street",
        "waterLevel": 0,
        "timestamp": "2024-11-16 17:34:23"
    },
    {
        "routeName": "Lionel Street",
        "waterLevel": 0,
        "timestamp": "2024-11-16 17:34:23"
    },
    {
        "routeName": "Truman Street",
        "waterLevel": 0,
        "timestamp": "2024-11-16 17:34:23"
    },
    {
        "routeName": "Shawn Street",
        "waterLevel": 0,
        "timestamp": "2024-11-16 17:34:23"
    },
    {
        "routeName": "Mickey Street",
        "waterLevel": 0,
        "timestamp": "2024-11-16 17:34:23"
    },
    {
        "routeName": "Carmen V. de Luna Street",
        "waterLevel": 0,
        "timestamp": "2024-11-16 17:34:25"
    },
    {
        "routeName": "McArthur Village Main Road",
        "waterLevel": 0,
        "timestamp": "2024-11-16 17:34:25"
    },
    {
        "routeName": "Street 1",
        "waterLevel": 0,
        "timestamp": "2024-11-16 17:34:25"
    },
    {
        "routeName": "Street 2",
        "waterLevel": 0,
        "timestamp": "2024-11-16 17:34:25"
    },
    {
        "routeName": "Street 3",
        "waterLevel": 0,
        "timestamp": "2024-11-16 17:34:25"
    },
    {
        "routeName": "Street 4",
        "waterLevel": 0,
        "timestamp": "2024-11-16 17:34:25"
    },
    {
        "routeName": "Street 5",
        "waterLevel": 0,
        "timestamp": "2024-11-16 17:34:26"
    },
    {
        "routeName": "Street 6",
        "waterLevel": 0,
        "timestamp": "2024-11-16 17:34:26"
    },
    {
        "routeName": "Street 7",
        "waterLevel": 0,
        "timestamp": "2024-11-16 17:34:26"
    },
    {
        "routeName": "Street 8",
        "waterLevel": 0,
        "timestamp": "2024-11-16 17:34:26"
    },
    {
        "routeName": "Street 9",
        "waterLevel": 0,
        "timestamp": "2024-11-16 17:34:26"
    },
    {
        "routeName": "Street 10",
        "waterLevel": 0,
        "timestamp": "2024-11-16 17:34:26"
    },
    {
        "routeName": "Street 11",
        "waterLevel": 0,
        "timestamp": "2024-11-16 17:34:26"
    },
    {
        "routeName": "Street 12",
        "waterLevel": 0,
        "timestamp": "2024-11-16 17:34:26"
    },
    {
        "routeName": "Street 13",
        "waterLevel": 0,
        "timestamp": "2024-11-16 17:34:27"
    },
    {
        "routeName": "Street 14",
        "waterLevel": 0,
        "timestamp": "2024-11-16 17:34:27"
    },
    {
        "routeName": "Street 15",
        "waterLevel": 0,
        "timestamp": "2024-11-16 17:34:27"
    },
    {
        "routeName": "Calumpang-Longos",
        "waterLevel": 0,
        "timestamp": "2024-11-16 17:34:27"
    },
    {
        "routeName": "San Jose Village",
        "waterLevel": 0,
        "timestamp": "2024-11-16 17:34:27"
    },
    {
        "routeName": "Iba-Longos",
        "waterLevel": 0,
        "timestamp": "2024-11-16 17:34:27"
    },
    {
        "routeName": "Carmen V. de Luna",
        "waterLevel": 0,
        "timestamp": "2024-11-16 17:34:27"
    },
    {
        "routeName": "Hangga Street",
        "waterLevel": 0,
        "timestamp": "2024-11-16 17:34:27"
    },
    {
        "routeName": "Jayson Street",
        "waterLevel": 0,
        "timestamp": "2024-11-16 17:34:27"
    },
    {
        "routeName": "Jerell Street",
        "waterLevel": 0,
        "timestamp": "2024-11-16 17:34:28"
    },
    {
        "routeName": "Jermaine Street",
        "waterLevel": 0,
        "timestamp": "2024-11-16 17:34:28"
    },
    {
        "routeName": "Kenneth Street",
        "waterLevel": 0,
        "timestamp": "2024-11-16 17:34:28"
    },
    {
        "routeName": "Kendrick Street",
        "waterLevel": 0,
        "timestamp": "2024-11-16 17:34:28"
    },
    {
        "routeName": "Justin Street",
        "waterLevel": 0,
        "timestamp": "2024-11-16 17:34:28"
    },
    {
        "routeName": "Kendall Street",
        "waterLevel": 0,
        "timestamp": "2024-11-16 17:34:28"
    },
    {
        "routeName": "Keenan Street",
        "waterLevel": 0,
        "timestamp": "2024-11-16 17:34:28"
    },
    {
        "routeName": "Keith Street",
        "waterLevel": 0,
        "timestamp": "2024-11-16 17:34:28"
    },
    {
        "routeName": "Kevin Street",
        "waterLevel": 0,
        "timestamp": "2024-11-16 17:34:28"
    },
    {
        "routeName": "Kurtis Street",
        "waterLevel": 0,
        "timestamp": "2024-11-16 17:34:29"
    },
    {
        "routeName": "Kirby Street",
        "waterLevel": 0,
        "timestamp": "2024-11-16 17:34:29"
    },
    {
        "routeName": "Laverne Street",
        "waterLevel": 0,
        "timestamp": "2024-11-16 17:34:29"
    },
    {
        "routeName": "Mc Kinley Street",
        "waterLevel": 0,
        "timestamp": "2024-11-16 17:34:29"
    },
    {
        "routeName": "Maynard Street",
        "waterLevel": 0,
        "timestamp": "2024-11-16 17:34:29"
    },
    {
        "routeName": "Maxwell Street",
        "waterLevel": 0,
        "timestamp": "2024-11-16 17:34:29"
    },
    {
        "routeName": "Merrill Street",
        "waterLevel": 0,
        "timestamp": "2024-11-16 17:34:29"
    },
    {
        "routeName": "Hunter Street",
        "waterLevel": 0,
        "timestamp": "2024-11-16 17:34:29"
    },
    {
        "routeName": "Ethan Street",
        "waterLevel": 0,
        "timestamp": "2024-11-16 17:34:29"
    },
    {
        "routeName": "Ernest Street",
        "waterLevel": 0,
        "timestamp": "2024-11-16 17:34:30"
    },
    {
        "routeName": "Cameron Street",
        "waterLevel": 0,
        "timestamp": "2024-11-16 17:34:30"
    },
    {
        "routeName": "Brice Street",
        "waterLevel": 0,
        "timestamp": "2024-11-16 17:34:30"
    },
    {
        "routeName": "Forrest Street",
        "waterLevel": 0,
        "timestamp": "2024-11-16 17:34:30"
    },
    {
        "routeName": "Riverside Street 1",
        "waterLevel": 0,
        "timestamp": "2024-11-16 17:34:30"
    },
    {
        "routeName": "Riverside Street 2",
        "waterLevel": 0,
        "timestamp": "2024-11-16 17:34:30"
    },
    {
        "routeName": "Dream Crest",
        "waterLevel": 0,
        "timestamp": "2024-11-16 17:34:30"
    },
    {
        "routeName": "Trevor Street",
        "waterLevel": 0,
        "timestamp": "2024-11-16 17:34:30"
    },
    {
        "routeName": "Michael Street",
        "waterLevel": 0,
        "timestamp": "2024-11-16 17:34:30"
    },
    {
        "routeName": "Lionel Street",
        "waterLevel": 0,
        "timestamp": "2024-11-16 17:34:30"
    },
    {
        "routeName": "Truman Street",
        "waterLevel": 0,
        "timestamp": "2024-11-16 17:34:31"
    },
    {
        "routeName": "Shawn Street",
        "waterLevel": 0,
        "timestamp": "2024-11-16 17:34:31"
    },
    {
        "routeName": "Mickey Street",
        "waterLevel": 0,
        "timestamp": "2024-11-16 17:34:31"
    },
    {
        "routeName": "Carmen V. de Luna Street",
        "waterLevel": 0,
        "timestamp": "2024-11-16 17:34:33"
    },
    {
        "routeName": "McArthur Village Main Road",
        "waterLevel": 0,
        "timestamp": "2024-11-16 17:34:33"
    },
    {
        "routeName": "Street 1",
        "waterLevel": 0,
        "timestamp": "2024-11-16 17:34:33"
    },
    {
        "routeName": "Street 2",
        "waterLevel": 0,
        "timestamp": "2024-11-16 17:34:33"
    },
    {
        "routeName": "Street 3",
        "waterLevel": 0,
        "timestamp": "2024-11-16 17:34:33"
    },
    {
        "routeName": "Street 4",
        "waterLevel": 0,
        "timestamp": "2024-11-16 17:34:33"
    },
    {
        "routeName": "Street 5",
        "waterLevel": 0,
        "timestamp": "2024-11-16 17:34:33"
    },
    {
        "routeName": "Street 6",
        "waterLevel": 0,
        "timestamp": "2024-11-16 17:34:33"
    },
    {
        "routeName": "Street 7",
        "waterLevel": 0,
        "timestamp": "2024-11-16 17:34:33"
    },
    {
        "routeName": "Street 8",
        "waterLevel": 0,
        "timestamp": "2024-11-16 17:34:33"
    },
    {
        "routeName": "Street 9",
        "waterLevel": 0,
        "timestamp": "2024-11-16 17:34:33"
    },
    {
        "routeName": "Street 10",
        "waterLevel": 0,
        "timestamp": "2024-11-16 17:34:33"
    },
    {
        "routeName": "Street 11",
        "waterLevel": 0,
        "timestamp": "2024-11-16 17:34:33"
    },
    {
        "routeName": "Street 12",
        "waterLevel": 0,
        "timestamp": "2024-11-16 17:34:33"
    },
    {
        "routeName": "Street 13",
        "waterLevel": 0,
        "timestamp": "2024-11-16 17:34:34"
    },
    {
        "routeName": "Street 14",
        "waterLevel": 0,
        "timestamp": "2024-11-16 17:34:34"
    },
    {
        "routeName": "Street 15",
        "waterLevel": 0,
        "timestamp": "2024-11-16 17:34:34"
    },
    {
        "routeName": "Calumpang-Longos",
        "waterLevel": 0,
        "timestamp": "2024-11-16 17:34:34"
    },
    {
        "routeName": "San Jose Village",
        "waterLevel": 0,
        "timestamp": "2024-11-16 17:34:34"
    },
    {
        "routeName": "Iba-Longos",
        "waterLevel": 0,
        "timestamp": "2024-11-16 17:34:34"
    },
    {
        "routeName": "Carmen V. de Luna",
        "waterLevel": 0,
        "timestamp": "2024-11-16 17:34:34"
    },
    {
        "routeName": "Hangga Street",
        "waterLevel": 0,
        "timestamp": "2024-11-16 17:34:34"
    },
    {
        "routeName": "Jayson Street",
        "waterLevel": 0,
        "timestamp": "2024-11-16 17:34:34"
    },
    {
        "routeName": "Jerell Street",
        "waterLevel": 0,
        "timestamp": "2024-11-16 17:34:35"
    },
    {
        "routeName": "Jermaine Street",
        "waterLevel": 0,
        "timestamp": "2024-11-16 17:34:35"
    },
    {
        "routeName": "Kenneth Street",
        "waterLevel": 0,
        "timestamp": "2024-11-16 17:34:35"
    },
    {
        "routeName": "Kendrick Street",
        "waterLevel": 0,
        "timestamp": "2024-11-16 17:34:35"
    },
    {
        "routeName": "Justin Street",
        "waterLevel": 0,
        "timestamp": "2024-11-16 17:34:35"
    },
    {
        "routeName": "Kendall Street",
        "waterLevel": 0,
        "timestamp": "2024-11-16 17:34:35"
    },
    {
        "routeName": "Keenan Street",
        "waterLevel": 0,
        "timestamp": "2024-11-16 17:34:35"
    },
    {
        "routeName": "Keith Street",
        "waterLevel": 0,
        "timestamp": "2024-11-16 17:34:35"
    },
    {
        "routeName": "Kevin Street",
        "waterLevel": 0,
        "timestamp": "2024-11-16 17:34:35"
    },
    {
        "routeName": "Kurtis Street",
        "waterLevel": 0,
        "timestamp": "2024-11-16 17:34:36"
    },
    {
        "routeName": "Kirby Street",
        "waterLevel": 0,
        "timestamp": "2024-11-16 17:34:36"
    },
    {
        "routeName": "Laverne Street",
        "waterLevel": 0,
        "timestamp": "2024-11-16 17:34:36"
    },
    {
        "routeName": "Mc Kinley Street",
        "waterLevel": 0,
        "timestamp": "2024-11-16 17:34:36"
    },
    {
        "routeName": "Maynard Street",
        "waterLevel": 0,
        "timestamp": "2024-11-16 17:34:36"
    },
    {
        "routeName": "Maxwell Street",
        "waterLevel": 0,
        "timestamp": "2024-11-16 17:34:36"
    }
]